No.;Nama;Base Attack;Base Defense;Bentuk Sebelumnya;Evolusi ke;Total Evolusi;Tipe;Kuat Terhadap;RIceistan Terhadap;Legendaris;Deskripsi;Efek;M/G;Biaya;Cek Evolusi;Bonus;Attack;Deffense;id;check MG;chek error
001;Bulbasaur;49;49;-;1;3;Grass, Poison;Water, Ground, Rock;Electric, Grass;Tidak;Bulbasaur menyimpan energi di benih di punggungnya yang tumbuh besar seiring bertambahnya usia.;;;1;-;-2;240;240;001;;
002;Ivysaur;62;63;Bulbasaur;2;3;Grass, Poison;Water, Ground, Rock;Electric, Grass;Tidak;Ivysaur mulai menunjukkan tanda-tanda perkembangan fisik seiring tumbuhnya tanaman di punggungnya.;;;3;Bulbasaur;0;740;760;002;;
003;Venusaur;82;83;Ivysaur;3;3;Grass, Poison;Water, Ground, Rock;Electric, Grass;Tidak;Venusaur menggunakan daun besar di punggungnya untuk menyerap sinar matahari dan memperkuat serangannya.;;;5;Ivysaur;2;1290;1230;003;;
003_1;Mega Venusaur;100;123;Venusaur;-;-;Grass, Poison;Water, Ground, Rock;Electric, Grass;Tidak;Mega Venusaur memiliki kekuatan pertahanan luar biasa dengan tanaman besar di punggungnya yang melindunginya.;;M/G;7;Venusaur;5;1730;1820;003_1;003;v
003_2;Gigantamax Venusaur;110;130;Venusaur;-;-;Grass, Poison;Water, Ground, Rock;Electric, Grass;Tidak;Gigantamax Venusaur berubah menjadi lebih besar, dengan tanaman di punggungnya yang mekar penuh menjadi perlindungan.;;M/G;7;Venusaur;5;1760;1790;003_2;003;v
004;Charmander;52;43;-;1;3;Fire;Grass, Bug, Ice;Fire, Grass, Bug;Tidak;Charmander menggunakan ekornya yang menyala sebagai indikator kekuatan hidupnya.;;;1;-;-4;250;210;004;;
005;Charmeleon;64;58;Charmander;2;3;Fire;Grass, Bug, Ice;Fire, Grass, Bug;Tidak;Charmeleon menunjukkan sifat agresif, seringkali mencari lawan yang kuat untuk menguji kekuatannya.;;;3;Charmander;-2;760;720;005;;
006;Charizard;84;78;Charmeleon;3;3;Fire, Flying;Grass, Bug, Ice;Ground, Bug, Grass;Tidak;Charizard terbang tinggi di langit, memuntahkan api yang mampu melelehkan batu.;;;5;Charmeleon;1;1320;1190;006;;
006_1;Mega Charizard X;130;111;Charizard;-;-;Fire, Dragon;Grass, Bug, Ice;Ground, Fire, Grass;Tidak;Mega Charizard X memiliki kekuatan besar dengan napas api biru yang bisa membakar segalanya.;;M/G;7;Charizard;4;2040;1500;006_1;006;v
006_2;Mega Charizard Y;104;78;Charizard;-;-;Fire, Flying;Grass, Bug, Ice;Ground, Bug, Grass;Tidak;Mega Charizard Y menjadi jauh lebih kuat dan lebih cepat, mampu terbang di ketinggian yang luar biasa.;;M/G;7;Charizard;4;2160;1380;006_2;006;v
006_3;Gigantamax Charizard;120;85;Charizard;-;-;Fire, Flying;Grass, Bug, Ice;Ground, Bug, Grass;Tidak;Gigantamax Charizard memiliki api yang semakin besar, dengan tubuh yang dipenuhi api dan sayap yang menyala.;;M/G;7;Charizard;4;2210;1330;006_3;006;v
007;Squirtle;48;65;-;1;3;Water;Fire, Ground, Rock;Water, Fire;Tidak;Squirtle menembakkan air dari mulutnya dengan tekanan tinggi untuk menumbangkan musuh.;;;1;-;-3;200;270;007;;
008;Wartortle;63;80;Squirtle;2;3;Water;Fire, Ground, Rock;Water, Fire;Tidak;Wartortle menggunakan ekornya yang berbulu untuk menjaga keseimbangan saat berenang.;;;3;Squirtle;-1;650;840;008;;
009;Blastoise;83;100;Wartortle;3;3;Water;Fire, Ground, Rock;Water, Fire;Tidak;Blastoise memiliki meriam air besar di punggungnya yang dapat menembakkan air dengan kekuatan yang luar biasa.;;;5;Wartortle;1;1160;1350;009;;
009_1;Mega Blastoise;103;120;Blastoise;-;-;Water;Fire, Ground, Rock;Water, Fire;Tidak;Mega Blastoise menggunakan meriam besar di punggungnya untuk menyerang musuh dari jarak jauh dengan akurasi tinggi.;;M/G;7;Blastoise;4;1750;1790;009_1;009;v
009_2;Gigantamax Blastoise;110;130;Blastoise;-;-;Water;Fire, Ground, Rock;Water, Fire;Tidak;Gigantamax Blastoise memiliki lebih banyak meriam di seluruh cangkangnya, menembakkan serangan air yang sangat kuat.;;M/G;7;Blastoise;4;1730;1810;009_2;009;v
172;Pichu;40;15;-;1;3;Electric;Water, Flying;Electric, Flying;Tidak;Pichu menghasilkan sedikit listrik, sering kali tersengat listrik sendiri saat bermain.;;;1;-;-2;350;130;172;;
025;Pikachu;55;40;Pichu;2;3;Electric;Water, Flying;Electric, Flying;Tidak;Pikachu dapat mengumpulkan listrik di kantong pipinya dan melepaskannya dalam serangan listrik yang kuat.;;;3;Pichu;0;870;630;025;;
025_1;Gigantamax Pikachu;75;50;Pikachu;-;-;Electric;Water, Flying;Electric, Flying;Tidak;Gigantamax Pikachu menjadi lebih besar dan menggunakan listrik dalam jumlah besar untuk menyerang musuh dengan kekuatan luar biasa.;;M/G;5;Pikachu;3;1590;940;025_1;025;v
026;Raichu;90;55;Pikachu;3;3;Electric;Water, Flying;Electric, Flying;Tidak;Raichu memiliki kekuatan listrik yang jauh lebih kuat daripada Pikachu, dan dapat menghantarkan arus listrik besar.;;;5;Pikachu;2;1610;910;026;;
026_1;Alolan Raichu;95;70;Pikachu;3;3;Electric, Psychic;Water, Flying, Fighting;Electric, Psychic;Tidak;Alolan Raichu menggunakan ekornya sebagai papan selancar untuk meluncur di udara dan menyerang musuh dengan serangan psikis.;;;5;Pikachu;2;1500;1020;026_1;;
123;Scyther;110;80;-;1;2;Bug, Flying;Grass, Psychic;Bug, Fighting;Tidak;Scyther menggunakan kecepatan luar biasa untuk menyerang dengan pedang di kedua lengannya.;;;2;-;0;580;420;123;;
212;Scizor;130;100;Scyther;2;2;Bug, Steel;FWatery, Ice, Rock;Bug, Psychic;Tidak;Scizor menggunakan cakarnya yang kuat untuk memotong musuhnya dengan presisi yang mematikan.;;;4;Scyther;1;1150;860;212;;
212_1;Mega Scizor;150;140;Scizor;-;-;Bug, Steel;FWatery, Ice, Rock;Bug, Psychic;Tidak;Mega Scizor meningkatkan kekuatan cakarnya secara signifikan, menjadikannya lebih mematikan dalam pertarungan.;;M/G;6;Scizor;4;1680;1360;212_1;212;v
133;Eevee;55;50;-;1;2;Normal;Ghost;Ghost, Ground;Tidak;Eevee memiliki kemampuan evolusi menjadi beberapa tipe yang berbeda berdasarkan kondisi lingkungannya.;;;2;-;0;520;480;133;;
133_1;Gigantamax Eevee;85;75;Eevee;-;-;Normal;Ghost;Ghost, Ground;Tidak;Gigantamax Eevee menjadi sangat besar, dengan bulu yang lebat dan menyerang musuh dengan kekuatan luar biasa.;;M/G;4;Eevee;3;1130;900;133_1;133;v
134;Vaporeon;65;60;Eevee;2;2;Water;Fire, Ground, Rock;Water, Ice;Tidak;Vaporeon dapat mencairkan tubuhnya ke dalam air, memungkinkan dia untuk bersembunyi dengan mudah.;;;4;Eevee;0;1040;960;134;;
135;Jolteon;65;60;Eevee;2;2;Electric;Water, Flying;Electric, Flying;Tidak;Jolteon menggunakan bulu-bulunya yang bermuatan listrik untuk menghasilkan serangan petir.;;;4;Eevee;1;1060;950;135;;
136;Flareon;65;60;Eevee;2;2;Fire;Grass, Bug, Ice;Fire, Grass, Bug;Tidak;Flareon mampu menyimpan panas dalam tubuhnya hingga 1.600 derajat, membuat napasnya berapi.;;;4;Eevee;-1;1020;970;136;;
196;Espeon;65;60;Eevee;2;2;Psychic;Fighting, Poison;Psychic, Dark;Tidak;Espeon dapat merasakan perubahan cuaca dengan menggunakan kemampuan psikisnya.;;;4;Eevee;1;1060;950;196;;
197;Umbreon;65;60;Eevee;2;2;Dark;Psychic, Ghost;Dark, Ghost;Tidak;Umbreon menggunakan malam untuk bersembunyi dan menyerang musuh dengan serangan kegelapan.;;;4;Eevee;1;1060;950;197;;
243;Raikou;85;75;-;1;1;Electric;Water, Flying;Electric, Flying;Ya;Raikou adalah Pokemon legendaris yang mewakili petir, dengan kecepatan kilat dan serangan yang menghancurkan.;;;6;-;3;1690;1340;243;;
244;Entei;115;85;-;1;1;Fire;Grass, Bug, Ice;Fire, Grass, Bug;Ya;Entei adalah Pokemon legendaris yang menguasai api, sering kali menimbulkan letusan vulkanik saat berlari.;;;6;-;1;1760;1250;244;;
245;Suicune;75;115;-;1;1;Water;Fire, Ground, Rock;Water, Ice;Ya;Suicune dianggap sebagai Pokemon legendaris yang dapat memurnikan air dengan langkahnya.;;;6;-;2;1230;1790;245;;
249;Lugia;90;130;-;1;1;Psychic, Flying;Fighting, Grass;Ground, Psychic;Ya;Lugia, penjaga lautan, memiliki kekuatan luar biasa untuk mengendalikan angin dan arus laut.;;;6;-;4;1330;1710;249;;
250;Ho-Oh;130;90;-;1;1;Fire, Flying;Grass, Bug, Ice;Ground, Bug, Fire;Ya;Ho-Oh dikatakan dapat menghidupkan kembali Pokemon yang mati dan membangkitkan harapan bagi mereka yang melihatnya.;;;6;-;2;1840;1180;250;;
252;Treecko;45;35;-;1;3;Grass;Water, Ground, Rock;Grass, Electric;Tidak;Treecko dikenal dengan kemampuannya memanjat pohon dengan cepat, menggunakan ekornya sebagai keseimbangan.;;;1;-;-3;260;210;252;;
253;Grovyle;65;45;Treecko;2;3;Grass;Water, Ground, Rock;Grass, Electric;Tidak;Grovyle menggunakan kecepatan dan cakar tajam untuk bertarung, dan sering ditemukan di hutan.;;;3;Treecko;-1;870;620;253;;
254;Sceptile;85;65;Grovyle;3;3;Grass;Water, Ground, Rock;Grass, Electric;Tidak;Sceptile dikenal dengan daun tajam di tubuhnya, mampu melakukan serangan mematikan.;;;5;Grovyle;1;1450;1060;254;;
254_1;Mega Sceptile;110;75;Sceptile;-;-;Grass, Dragon;Water, Ground, Rock;Electric, Grass;Tidak;Mega Sceptile memperoleh tipe Dragon, membuatnya lebih kuat dan cepat, dengan ekor yang mampu menembakkan proyektil.;;M/G;7;Sceptile;5;2290;1260;254_1;254;v
255;Torchic;50;40;-;1;3;Fire;Grass, Bug, Ice;Bug, Steel, Fire;Tidak;Torchic dikenal dengan kemampuannya menyemburkan api kecil dari mulutnya.;;;1;-;-4;260;200;255;;
256;Combusken;85;60;Torchic;2;3;Fire, Fighting;Grass, Ice, Bug;Bug, Fire, Steel;Tidak;Combusken berlatih keras dengan kakinya yang kuat, mampu menendang musuh dengan serangan mematikan.;;;3;Torchic;-1;860;630;256;;
257;Blaziken;120;70;Combusken;3;3;Fire, Fighting;Steel, Grass, Ice;Bug, Fire, Steel;Tidak;Blaziken adalah Pokemon petarung yang memiliki tendangan berapi, mampu membakar musuhnya.;;;5;Combusken;1;1610;900;257;;
257_1;Mega Blaziken;160;80;Blaziken;-;-;Fire, Fighting;Steel, Grass, Ice;Bug, Fire, Steel;Tidak;Mega Blaziken memiliki kekuatan fisik luar biasa dan meningkatkan kecepatannya dengan setiap serangan.;;M/G;7;Blaziken;4;2520;1020;257_1;257;v
258;Mudkip;50;50;-;1;3;Water;Fire, Ground, Rock;Water, Ice;Tidak;Mudkip adalah Pokemon yang dikenal dengan kekuatan luar biasa di air dan kemampuan berenang cepat.;;;1;-;-3;240;230;258;;
259;Marshtomp;70;60;Mudkip;2;3;Water, Ground;Fire, Rock, Electric;Water, Poison;Tidak;Marshtomp dapat bergerak dengan mudah di lumpur dan air, menggunakan kekuatan besar dalam bertarung.;;;3;Mudkip;0;810;690;259;;
260;Swampert;110;90;Marshtomp;3;3;Water, Ground;Fire, Rock, Electric;Water, Poison;Tidak;Swampert memiliki kekuatan besar di air dan darat, membuatnya mampu menghadapi berbagai musuh.;;;5;Marshtomp;2;1430;1090;260;;
260_1;Mega Swampert;150;110;Swampert;-;-;Water, Ground;Fire, Rock, Electric;Water, Poison;Tidak;Mega Swampert mendapatkan kekuatan otot yang luar biasa, membuatnya mampu mengalahkan musuh dalam satu serangan kuat.;;M/G;7;Swampert;5;2220;1330;260_1;260;v
302;Sableye;75;75;-;1;1;Dark, Ghost;Psychic, Ghost;Normal, Fighting;Tidak;Sableye sering ditemukan di tambang, mencari permata, dan dikenal karena serangan hantunya.;;;4;-;2;1040;980;302;;
302_1;Mega Sableye;85;125;Sableye;-;-;Dark, Ghost;Psychic, Ghost;Normal, Fighting;Tidak;Mega Sableye menggunakan permata besar untuk melindungi dirinya dari serangan lawan, menjadikannya lebih defensif.;;M/G;6;Sableye;5;1340;1710;302_1;302;v
144;Articuno;85;100;-;1;1;Ice, Flying;Grass, Ground, Dragon;Bug, Grass, Ice;Ya;Articuno adalah burung legendaris penguasa es, mampu membekukan udara di sekitarnya dengan mengepakkan sayap.;;;6;-;2;1430;1590;144;;
145;Zapdos;90;85;-;1;1;Electric, Flying;Water, Flying, Steel;Bug, Grass, Electric;Ya;Zapdos mengendalikan petir dan sering terlihat saat badai besar, dikenal karena kemampuan listriknya yang kuat.;;;6;-;2;1600;1420;145;;
146;Moltres;100;90;-;1;1;Fire, Flying;Grass, Bug, Ice;Bug, Fire, Grass;Ya;Moltres adalah burung legendaris yang mampu memanaskan udara di sekitarnya dan menyebabkan semburan api.;;;6;-;2;1640;1380;146;;
150;Mewtwo;110;90;-;1;1;Psychic;Fighting, Poison;Psychic, Ghost;Ya;Mewtwo adalah Pokemon buatan manusia yang diciptakan dari DNA Mew, terkenal karena kekuatan psikisnya yang sangat besar.;;;6;-;3;1750;1280;150;;
150_1;Mega Mewtwo X;130;100;Mewtwo;-;-;Psychic, Fighting;Steel, Rock, Ice;Psychic, Fighting;Ya;Mega Mewtwo X meningkatkan kemampuan fisiknya, menjadikannya lebih kuat dan cepat dalam pertempuran fisik.;;M/G;8;Mewtwo;6;2530;1530;150_1;150;v
150_2;Mega Mewtwo Y;120;80;Mewtwo;-;-;Psychic;Fighting, Poison;Psychic, Ghost;Ya;Mega Mewtwo Y fokus pada kekuatan psikis, memperkuat serangan energi mentalnya yang kuat.;;M/G;8;Mewtwo;6;2690;1370;150_2;150;v
151;Mew;100;100;-;1;1;Psychic;Fighting, Poison;Psychic, Ghost;Ya;Mew adalah Pokemon mitos yang mampu mempelajari setiap gerakan, dan dikatakan menyimpan DNA dari semua Pokemon.;;;6;-;3;1590;1440;151;;
143;Snorlax;110;65;-;1;1;Normal;Ghost;Bug, Ghost, Normal;Tidak;Snorlax dikenal karena tidurnya yang lama, namun memiliki kekuatan luar biasa saat terbangun.;;;4;-;1;1280;730;143;;
094_1;Mega Gengar;170;80;Gengar;-;-;Ghost, Poison;Psychic, Ghost;Fighting, Normal;Tidak;Mega Gengar menjadi lebih berbahaya, dengan kemampuan menyerang secara mematikan dari dimensi bayangan.;;M/G;7;Gengar;6;2670;890;094_1;094;v
129;Magikarp;10;55;-;1;2;Water;Fire, Ground, Rock;Water, Ice;Tidak;Magikarp dikenal sebagai Pokemon yang sangat lemah, namun dapat berevolusi menjadi Gyarados yang sangat kuat.;;;2;-;-2;150;830;129;;
130;Gyarados;125;79;Magikarp;2;2;Water, Flying;Fire, Ground, Rock;Bug, Fighting;Tidak;Gyarados adalah Pokemon ular air yang sangat kuat dan ganas, mampu menyebabkan kehancuran besar.;;;4;Magikarp;1;1250;760;130;;
130_1;Mega Gyarados;155;109;Gyarados;-;-;Water, Dark;Fire, Ground, Psychic;Water, Psychic;Tidak;Mega Gyarados memperoleh kekuatan besar dan berubah menjadi tipe Dark, meningkatkan daya serangannya.;;M/G;6;Gyarados;4;1900;1140;130_1;130;v
147;Dratini;64;45;-;1;3;Dragon;Fire, Water, Grass;Electric, Grass;Tidak;Dratini adalah Pokemon Naga kecil yang hidup di perairan, dan mampu tumbuh menjadi sangat besar saat berevolusi.;;;1;-;-3;280;190;147;;
148;Dragonair;84;70;Dratini;2;3;Dragon;Fire, Water, Grass;Electric, Grass;Tidak;Dragonair dikenal karena bentuk anggunnya dan kemampuannya mengendalikan cuaca.;;;3;Dratini;-1;800;690;148;;
149;Dragonite;134;95;Dragonair;3;3;Dragon, Flying;Grass, Bug, Fighting;Bug, Grass, Ground;Tidak;Dragonite adalah Pokemon Naga kuat, terkenal karena kecepatan terbangnya dan kemampuannya mengendalikan cuaca.;;;5;Dragonair;1;1490;1020;149;;
142;Aerodactyl;105;65;-;1;1;Rock, Flying;Bug, Grass, Ice;Bug, Fire, Flying;Tidak;Aerodactyl adalah Pokemon fosil prasejarah yang menggunakan kecepatan dan kekuatan sayapnya dalam pertempuran.;;;4;-;0;1240;760;142;;
142_1;Mega Aerodactyl;135;85;Aerodactyl;-;-;Rock, Flying;Bug, Grass, Ice;Bug, Fire, Flying;Tidak;Mega Aerodactyl mendapatkan kekuatan tambahan dan bentuk tubuh yang lebih tajam dan mematikan.;;M/G;6;Aerodactyl;3;1950;1080;142_1;142;v
092;Gastly;35;30;-;1;3;Ghost, Poison;Psychic, Grass;Normal, Fighting;Tidak;Gastly adalah Pokemon hantu dengan tubuh gas yang bisa menyusup ke tempat manapun dan menakuti musuh.;;;1;-;-1;260;230;092;;
093;Haunter;50;45;Gastly;2;3;Ghost, Poison;Psychic, Grass;Normal, Fighting;Tidak;Haunter dikenal karena kemampuannya yang menakutkan dan kebiasaannya berkeliaran di tempat-tempat yang gelap.;;;3;Gastly;1;810;700;093;;
094;Gengar;65;60;Haunter;3;3;Ghost, Poison;Psychic, Grass;Normal, Fighting;Tidak;Gengar adalah Pokemon hantu yang sangat berbahaya dengan kemampuan untuk menyerang musuh dari bayang-bayang.;;;5;Haunter;3;1380;1150;094;;
137;Porygon;60;70;-;1;3;Normal;Ghost;Ghost, Bug, Normal;Tidak;Porygon adalah Pokemon buatan manusia yang dapat memasuki dunia digital dan mengubah datanya.;;;1;-;-2;220;260;137;;
138;Omanyte;40;100;-;1;2;Rock, Water;Fire, Bug, Ice;Water, Ice, Ground;Tidak;Omanyte adalah Pokemon fosil dengan cangkang keras yang melindunginya dari serangan musuh.;;;2;-;-2;270;710;138;;
139;Omastar;70;125;Omanyte;2;2;Rock, Water;Fire, Bug, Ice;Water, Ice, Ground;Tidak;Omastar menggunakan tentakelnya yang kuat untuk meremukkan cangkang lawan dan mangsanya.;;;4;Omanyte;0;720;1280;139;;
140;Kabuto;80;90;-;1;2;Rock, Water;Fire, Bug, Ice;Water, Ice, Ground;Tidak;Kabuto adalah Pokemon fosil dengan tubuh kecil yang terlindungi oleh cangkang kerasnya.;;;2;-;-2;450;530;140;;
141;Kabutops;115;105;Kabuto;2;2;Rock, Water;Fire, Bug, Ice;Water, Ice, Ground;Tidak;Kabutops dikenal karena cakar tajamnya yang dapat digunakan untuk memotong musuh dan mencari mangsa.;;;4;Kabuto;0;1050;950;141;;
090;Shellder;65;100;-;1;2;Water;Fire, Ground, Rock;Water, Ice;Tidak;Shellder memiliki cangkang keras yang melindunginya dari serangan, dan hidup di lautan.;;;2;-;-2;380;600;090;;
091;Cloyster;95;180;Shellder;2;2;Water, Ice;Fire, Ground, Rock;Water, Ice;Tidak;Cloyster dikenal karena pertahanannya yang sangat kuat dan kemampuannya menyerang dengan es.;;;4;Shellder;1;700;1310;091;;
214;Heracross;125;75;-;1;1;Bug, Fighting;Dark, Grass, Psychic;Dark, Grass;Tidak;Heracross adalah Pokemon tipe Bug dan Fighting yang memiliki kekuatan serang yang sangat besar.;;;4;-;1;1280;730;214;;
229;Houndoom;90;50;Houndour;2;2;Dark, Fire;Grass, Ghost, Psychic;Dark, Fire, Grass;Tidak;Houndoom adalah evolusi dari Houndour yang memiliki serangan api yang kuat dan kemampuan untuk menakut-nakuti lawan.;;;4;Houndour;0;1290;710;229;;
229_1;Mega Houndoom;140;90;Houndoom;-;-;Dark, Fire;Psychic, Ghost, Grass;Dark, Fire, Grass;Tidak;Mega Houndoom mengeluarkan serangan api yang lebih kuat, dengan kekuatan destruktif yang melampaui bentuk aslinya.;;M/G;6;Houndoom;3;1940;1090;229_1;229;v
246;Larvitar;64;50;-;1;3;Rock, Ground;Fire, Electric, Poison;Fire, Poison, Electric;Tidak;Larvitar adalah Pokemon tipe Batu dan Tanah yang akhirnya akan berevolusi menjadi Tyranitar yang kuat.;;;1;-;-3;260;210;246;;
247;Pupitar;84;70;Larvitar;2;3;Rock, Ground;Fire, Electric, Poison;Fire, Poison, Electric;Tidak;Pupitar adalah evolusi dari Larvitar yang sedang dalam proses berkembang menjadi Tyranitar.;;;3;Larvitar;-1;800;690;247;;
248;Tyranitar;134;110;Pupitar;3;3;Rock, Dark;Psychic, Ghost, Fire;Psychic, Ghost;Tidak;Tyranitar adalah Pokemon tipe Batu dan Kegelapan yang dikenal karena kekuatan fisiknya yang luar biasa dan kemampuannya menciptakan badai pasir.;;;5;Pupitar;2;1430;1090;248;;
248_1;Mega Tyranitar;164;150;Tyranitar;-;-;Rock, Dark;Psychic, Ghost, Fire;Psychic, Ghost;Tidak;Mega Tyranitar menjadi lebih masif dan kuat, meningkatkan serangan dan pertahanan secara signifikan.;;M/G;7;Tyranitar;5;2010;1540;248_1;248;v
241;Miltank;80;105;-;1;1;Normal;Ghost;Ghost;Tidak;Miltank adalah Pokemon sapi yang dikenal karena kemampuannya menghasilkan susu dan kekuatan pertahanan yang tinggi.;;;4;-;3;920;1110;241;;
208;Steelix;85;200;Onix;2;2;Steel, Ground;Rock, Poison, Electric;Poison, Electric;Tidak;Steelix adalah evolusi dari Onix dengan pertahanan yang sangat tinggi dan tubuh baja yang sangat keras.;;;4;Onix;1;610;1400;208;;
208_1;Mega Steelix;125;230;Steelix;-;-;Steel, Ground;Rock, Poison, Electric;Poison, Electric;Tidak;Mega Steelix memiliki pertahanan yang luar biasa, tubuh logamnya menjadi lebih kuat dan besar dari sebelumnya.;;M/G;6;Steelix;4;1140;1900;208_1;208;v
242;Blissey;75;135;Chansey;2;2;Normal;Ghost;Ghost;Tidak;Blissey adalah evolusi dari Chansey yang memiliki kemampuan penyembuhan luar biasa dan tingkat pertahanan yang tinggi.;;;4;Chansey;3;760;1270;242;;
228;Houndour;60;30;-;1;2;Dark, Fire;Grass, Ghost, Psychic;Dark, Fire, Grass;Tidak;Houndour adalah Pokemon tipe Kegelapan dan Api yang menyerang dengan serangan api dan taktik intimidasi.;;;2;-;-2;640;340;228;;
095;Onix;45;160;-;1;2;Rock, Ground;Fire, Electric, Poison;Electric, Poison;Tidak;Onix adalah Pokemon tipe Batu dan Tanah yang memiliki pertahanan fisik yang tinggi dan serangan tanah yang kuat.;;;2;-;-1;220;770;095;;
113;Chansey;35;50;-;1;2;Normal;Ghost;Ghost;Tidak;Chansey adalah Pokemon tipe Normal yang dikenal karena kemampuannya menyembuhkan dan kapasitas penyimpanan telurnya yang besar.;;;2;-;1;420;590;113;;
385;Jirachi;100;100;-;1;1;Steel, Psychic;Fighting, Poison, Ice;Psychic, Steel, Rock;Ya;Pokemon mitos yang hanya bangun selama tujuh hari setiap seribu tahun.;;;6;-;2;1560;1460;385;;
484;Palkia;120;100;-;1;1;Water, Dragon;Fire, Rock, Ground;Fire, Electric, Dragon;Ya;Pokemon legendaris yang menguasai dimensi ruang. Mampu memanipulasi ruang-waktu.;;;6;-;2;1700;1320;484;;
487;Giratina;120;120;-;1;1;Ghost, Dragon;Psychic, Dark, Electric;Normal, Fire, Electric;Ya;Pokemon legendaris yang menguasai dimensi distorsi, dunia yang berlawanan dengan dunia kita.;;;6;-;2;1560;1460;487;;
494;Victini;100;100;-;1;1;Psychic, Fire;Steel, Bug, Ice;Psychic, Steel, Fire;Ya;Pokemon mitos yang dikatakan memberi kemenangan dalam segala situasi.;;;6;-;2;1560;1460;494;;
638;Cobalion;90;129;-;1;1;Steel, Fighting;Steel, Ice, Rock;Psychic, Dark, Steel;Ya;Pokemon legendaris pemimpin dari Swords of Justice, memiliki hati yang adil dan berani.;;;6;-;2;1280;1740;638;;
639;Terrakion;129;90;-;1;1;Rock, Fighting;Steel, Dark, Ice;Psychic, Fire, Dark;Ya;Salah satu dari Swords of Justice, dikenal karena kekuatannya yang mampu meruntuhkan tebing.;;;6;-;2;1840;1180;639;;
640;Virizion;90;72;-;1;1;Grass, Fighting;Water, Rock, Ground;Psychic, Dark, Grass;Ya;Pokemon legendaris yang sangat gesit, dilindungi oleh bulu hijau cerahnya.;;;6;-;2;1730;1290;640;;
641;Tornadus;115;80;-;1;1;Flying;Bug, Ground, Grass;Bug, Steel, Ghost;Ya;Pokemon legendaris yang dapat menciptakan badai angin besar.;;;6;-;1;1800;1210;641;;
642;Thundurus;115;70;-;1;1;Electric, Flying;Water, Bug, Ground;Flying, Steel, Ice;Ya;Pokemon legendaris yang memanipulasi petir untuk menguasai cuaca.;;;6;-;2;1940;1080;642;;
643;Reshiram;120;100;-;1;1;Dragon, Fire;Ice, Bug, Steel;Fire, Ground, Rock;Ya;Pokemon legendaris yang menciptakan dunia dengan kebenaran dan api putih.;;;6;-;2;1700;1320;643;;
644;Zekrom;120;100;-;1;1;Dragon, Electric;Water, Flying, Fire;Electric, Steel, Dragon;Ya;Pokemon legendaris yang menciptakan dunia dengan idealisme dan listrik hitam.;;;6;-;2;1700;1320;644;;
645;Landorus;125;90;-;1;1;Ground, Flying;Fire, Steel, Rock;Electric, Ground, Rock;Ya;Pokemon legendaris yang mengendalikan tanah untuk membantu pertanian.;;;6;-;2;1810;1210;645;;
716;Xerneas;131;98;-;1;1;Fairy;Dragon, Dark, Dragon;Bug, Dark, Dragon;Ya;Pokemon legendaris yang diyakini dapat menghidupkan kembali alam.;;;6;-;1;1750;1260;716;;
717;Yveltal;131;95;-;1;1;Dark, Flying;Psychic, Grass, Ghost;Ground, Dark, Ghost;Ya;Pokemon legendaris yang menyerap kehidupan ketika sayapnya terbentang.;;;6;-;2;1810;1210;717;;
718;Zygarde;100;121;-;1;1;Dragon, Ground;Fire, Steel, Rock;Electric, Ground, Rock;Ya;Pokemon penjaga ekosistem yang muncul ketika dunia dalam keadaan krisis.;;;6;-;2;1410;1610;718;;
785;Tapu Koko;115;85;-;1;1;Electric, Fairy;Dragon, Flying, Dark;Bug, Dark, Dark;Ya;Pelindung Pulau Melemele, Pokemon yang memiliki hubungan dengan alam listrik.;;;6;-;2;1790;1230;785;;
786;Tapu Lele;115;85;-;1;1;Psychic, Fairy;Dragon, Dark, Fighting;Bug, Psychic, Dragon;Ya;Pelindung Pulau Akala, Pokemon yang mampu memanipulasi kekuatan mental.;;;6;-;2;1790;1230;786;;
787;Tapu Bulu;130;115;-;1;1;Grass, Fairy;Ground, Dark, Rock;Electric, Grass, Ground;Ya;Pelindung Pulau Ula'ula, dikenal karena kekuatannya yang menghancurkan.;;;6;-;2;1660;1360;787;;
788;Tapu Fini;95;115;-;1;1;Water, Fairy;Fire, Dragon, Dark;Fire, Water, Dragon;Ya;Pelindung Pulau Poni, Pokemon yang dapat memurnikan air dan mengendalikan laut.;;;6;-;2;1410;1610;788;;
800;Necrozma;127;97;-;1;1;Psychic;Fighting, Poison, Fire;Psychic, Steel, Ghost;Ya;Pokemon legendaris yang menyerap cahaya untuk memperkuat dirinya.;;;6;-;1;1730;1280;800;;
888;Zacian;130;115;-;1;1;Fairy, Steel;Dragon, Rock, Ground;Bug, Psychic, Dark;Ya;Salah satu dari dua pahlawan legendaris yang melindungi Galar dari ancaman besar.;;;6;-;2;1660;1360;888;;
889;Zamazenta;130;115;-;1;1;Fighting, Steel;Dragon, Rock, Ground;Psychic, Bug, Dragon;Ya;Legenda lain dari duo pelindung Galar, dikenal dengan perisai kuatnya.;;;6;-;2;1660;1360;889;;
890;Eternatus;145;95;-;1;1;Poison, Dragon;Fire, Grass, Bug;Ground, Electric, Ice;Ya;Pokemon legendaris yang mampu menyerap energi dari Galar. Sangat kuat dan berbahaya.;;;6;-;2;1890;1130;890;;
894;Regieleki;100;50;-;1;1;Electric;Water, Flying;Electric, Steel;Ya;Pokemon legendaris yang dapat menghasilkan arus listrik yang sangat kuat.;;;6;-;3;2120;910;894;;
895;Regidrago;100;50;-;1;1;Dragon;Dragon, Rock, Ground;Water, Fire, Dragon;Ya;Pokemon yang memiliki kekuatan luar biasa yang tertidur di dalam tubuhnya.;;;6;-;1;2040;970;895;;
152;Chikorita;49;65;-;1;3;Grass;Water, Rock, Ground;Water, Grass, Ground;Tidak;Pokemon yang menggunakan daunnya untuk merasakan sinyal di sekitarnya.;;;1;-;-4;200;260;152;;
153;Bayleef;62;80;Chikorita;2;3;Grass;Water, Rock, Ground;Water, Grass, Ground;Tidak;Aromanya yang berasal dari tubuhnya membuat orang merasa sehat.;;;3;Chikorita;-2;630;850;153;;
154;Meganium;82;100;Bayleef;3;3;Grass;Water, Rock, Ground;Water, Grass, Ground;Tidak;Pokemon yang dapat memulihkan tumbuhan layu hanya dengan menghembuskan nafasnya.;;;5;Bayleef;0;1130;1370;154;;
155;Cyndaquil;52;43;-;1;3;Fire;Bug, Grass, Ice;Fire, Steel, Bug;Tidak;Pokemon yang pemalu dan menyalakan punggung apinya saat terancam.;;;1;-;-4;250;210;155;;
156;Quilava;64;58;Cyndaquil;2;3;Fire;Bug, Grass, Ice;Fire, Steel, Bug;Tidak;Api di punggung Quilava mampu menghalau musuh dengan ledakan.;;;3;Cyndaquil;-2;760;720;156;;
157;Typhlosion;84;78;Quilava;3;3;Fire;Bug, Grass, Ice;Fire, Steel, Bug;Tidak;Jika Typhlosion marah, ia membakar segalanya dengan suhu yang luar biasa.;;;5;Quilava;0;1300;1200;157;;
158;Totodile;65;64;-;1;3;Water;Fire, Ground, Rock;Fire, Water, Ice;Tidak;Pokemon buaya yang ceria namun cenderung menggigit apapun tanpa berpikir.;;;1;-;-4;230;230;158;;
159;Croconaw;80;80;Totodile;2;3;Water;Fire, Ground, Rock;Fire, Water, Ice;Tidak;Gigitan kuat Croconaw membuat musuh sulit melepaskan diri.;;;3;Totodile;-2;720;760;159;;
160;Feraligatr;105;100;Croconaw;3;3;Water;Fire, Ground, Rock;Fire, Water, Ice;Tidak;Feraligatr menggunakan tubuhnya yang besar untuk menerjang musuh dengan kuat.;;;5;Croconaw;0;1280;1220;160;;
209;Snubbull;80;50;-;1;2;Fairy;Dragon, Dark, Fighting;Bug, Dark, Psychic;Tidak;Walau tampak galak, Snubbull sebenarnya pemalu dan lebih suka menghindar dari pertarungan.;;;2;-;-3;580;390;209;;
210;Granbull;120;75;Snubbull;2;2;Fairy;Dragon, Dark, Fighting;Bug, Dark, Psychic;Tidak;Granbull menggunakan rahang kuatnya untuk melindungi dirinya dari ancaman.;;;4;Snubbull;-1;1210;780;210;;
280;Ralts;45;35;-;1;3;Psychic, Fairy;Dragon, Dark, Fighting;Bug, Dark, Dragon;Tidak;Pokemon yang merasakan emosi orang di sekitarnya dengan tanduk di kepalanya.;;;1;-;-3;260;210;280;;
281;Kirlia;65;55;Ralts;2;3;Psychic, Fairy;Dragon, Dark, Fighting;Bug, Dark, Dragon;Tidak;Kirlia dapat memperkuat kekuatan psikokinetiknya ketika merasa senang.;;;3;Ralts;-1;800;690;281;;
282;Gardevoir;85;65;Kirlia;3;3;Psychic, Fairy;Dragon, Dark, Fighting;Bug, Dark, Dragon;Tidak;Pokemon yang memiliki kekuatan besar untuk melindungi pelatihnya dari bahaya.;;;5;Kirlia;1;1450;1060;282;;
475;Gallade;125;65;Kirlia;3;3;Psychic, Fighting;Dark, Steel, Dragon;Psychic, Fairy, Bug;Tidak;Gallade dikenal karena sifat ksatrianya, selalu melindungi yang lemah.;;;5;Kirlia;1;1680;830;475;;
298;Azurill;20;40;-;1;3;Normal, Fairy;Dragon, Fighting, Dark;Bug, Dark, Dragon;Tidak;Pokemon kecil yang suka bermain-main dengan ekornya yang berbentuk bola.;;;1;-;-3;160;310;298;;
183;Marill;20;50;Azurill;2;3;Water, Fairy;Fire, Dragon, Dark;Fire, Ice, Ground;Tidak;Marill menggunakan ekornya yang elastis untuk berenang tanpa tenggelam.;;;3;Azurill;-1;420;1070;183;;
184;Azumarill;50;80;Marill;3;3;Water, Fairy;Fire, Dragon, Dark;Fire, Ice, Ground;Tidak;Azumarill menggunakan kemampuan berenangnya yang luar biasa untuk menyelamatkan orang tenggelam.;;;5;Marill;1;980;1530;184;;
387;Turtwig;68;64;-;1;3;Grass;Water, Ground, Rock;Water, Grass, Ground;Tidak;Pokemon kecil dengan daun di kepalanya yang menyerap sinar matahari untuk menghasilkan energi.;;;1;-;-4;240;220;387;;
388;Grotle;89;85;Turtwig;2;3;Grass;Water, Ground, Rock;Water, Grass, Ground;Tidak;Grotle membawa hutan kecil di punggungnya yang digunakan untuk bersembunyi.;;;3;Turtwig;-2;740;740;388;;
389;Torterra;109;105;Grotle;3;3;Grass, Ground;Water, Steel, Rock;Water, Grass, Ground;Tidak;Pokemon besar yang memiliki taman mini di punggungnya, dikenal sebagai pembawa kehidupan.;;;5;Grotle;1;1300;1210;389;;
390;Chimchar;58;44;-;1;3;Fire;Bug, Grass, Ice;Fire, Steel, Bug;Tidak;Pokemon yang sangat gesit, sering menggunakan api di ekornya sebagai alat pertahanan.;;;1;-;-4;260;200;390;;
391;Monferno;78;52;Chimchar;2;3;Fire, Fighting;Steel, Bug, Ice;Fire, Steel, Bug;Tidak;Pokemon yang cepat dan gesit, menggunakan teknik bertarung untuk mengatasi musuh yang lebih besar.;;;3;Chimchar;-1;880;610;391;;
392;Infernape;104;71;Monferno;3;3;Fire, Fighting;Steel, Bug, Ice;Fire, Steel, Bug;Tidak;Infernape terkenal karena kecepatan dan kekuatan pukulannya yang menakjubkan.;;;5;Monferno;1;1520;990;392;;
393;Piplup;51;53;-;1;3;Water;Fire, Ground, Rock;Water, Ice, Steel;Tidak;Pokemon penguin yang canggung di darat tetapi sangat terampil berenang.;;;1;-;-4;230;230;393;;
394;Prinplup;68;76;Piplup;2;3;Water;Fire, Ground, Rock;Water, Ice, Steel;Tidak;Prinplup sangat bangga, tidak suka bergaul dengan Pokemon lain.;;;3;Piplup;-2;680;800;394;;
395;Empoleon;86;88;Prinplup;3;3;Water, Steel;Fire, Dragon, Rock;Water, Ice, Dragon;Tidak;Empoleon menggunakan sayapnya yang kuat seperti pisau baja untuk bertarung.;;;5;Prinplup;1;1260;1250;395;;
403;Shinx;65;34;-;1;3;Electric;Water, Flying, Steel;Electric, Steel, Flying;Tidak;Pokemon kecil yang menghasilkan kilatan cahaya saat merasa terancam.;;;1;-;-4;300;160;403;;
404;Luxio;85;49;Shinx;2;3;Electric;Water, Flying, Steel;Electric, Steel, Flying;Tidak;Luxio adalah Pokemon yang sangat setia dan melindungi kelompoknya.;;;3;Shinx;-2;910;570;404;;
405;Luxray;120;79;Luxio;3;3;Electric;Water, Flying, Steel;Electric, Steel, Flying;Tidak;Luxray dapat melihat melalui objek dengan penglihatannya yang tajam.;;;5;Luxio;0;1510;990;405;;
427;Buneary;66;44;-;1;2;Normal;Ghost;Ghost, Psychic;Tidak;Buneary melipat telinganya yang panjang untuk melindungi diri dari serangan.;;;2;-;0;600;400;427;;
428;Lopunny;76;84;Buneary;2;2;Normal;Ghost;Ghost, Psychic;Tidak;Pokemon yang anggun dan sangat cepat, menggunakan kakinya untuk menyerang dengan tendangan.;;;4;Buneary;2;990;1030;428;;
447;Riolu;70;40;-;1;2;Fighting;Steel, Rock, Dark;Bug, Rock, Dark;Tidak;Riolu memiliki semangat juang yang tinggi dan sangat setia kepada pelatihnya.;;;2;-;-3;600;370;447;;
448;Lucario;110;70;Riolu;2;2;Fighting, Steel;Ice, Rock, Steel;Steel, Rock, Dark;Tidak;Lucario dapat merasakan emosi dan energi di sekitarnya dengan kemampuannya yang luar biasa.;;;4;Riolu;0;1220;780;448;;
453;Croagunk;61;40;-;1;2;Poison, Fighting;Psychic, Grass, Ice;Poison, Bug, Grass;Tidak;Croagunk menggunakan racunnya yang ada di tangan untuk menyerang lawan.;;;2;-;-2;580;400;453;;
454;Toxicroak;106;65;Croagunk;2;2;Poison, Fighting;Psychic, Grass, Ice;Poison, Bug, Grass;Tidak;Racun di cakar Toxicroak sangat berbahaya, dapat melumpuhkan lawan seketika.;;;4;Croagunk;0;1240;760;454;;
459;Snover;62;50;-;1;2;Grass, Ice;Ground, Water, Rock;Water, Ground, Grass;Tidak;Pokemon yang hidup di daerah bersalju, dan menyebarkan salju kemana pun dia pergi.;;;2;-;-2;530;450;459;;
460;Abomasnow;92;75;Snover;2;2;Grass, Ice;Ground, Water, Rock;Water, Ground, Grass;Tidak;"Abomasnow dikenal sebagai ""Pohon Monster,"" mampu memanggil badai salju besar.";;;4;Snover;0;1100;900;460;;
506;Lillipup;60;45;-;1;3;Normal;Ghost;Ghost;Tidak;Pokemon anjing yang selalu setia kepada pelatihnya dan sangat cepat belajar.;;;1;-;0;290;210;506;;
507;Herdier;80;65;Lillipup;2;3;Normal;Ghost;Ghost;Tidak;Herdier memiliki bulu yang sangat kuat, digunakan untuk melindungi tubuhnya dari serangan.;;;3;Lillipup;2;860;660;507;;
508;Stoutland;110;90;Herdier;3;3;Normal;Ghost;Ghost;Tidak;Stoutland dikenal karena keberaniannya dan selalu membantu orang-orang dalam bahaya.;;;5;Herdier;4;1490;1050;508;;
570;Zorua;85;40;-;1;2;Dark;Psychic, Ghost, Grass;Dark, Ghost, Bug;Tidak;Zorua menggunakan kemampuan transformasi untuk menipu dan mengecoh musuhnya.;;;2;-;-3;640;330;570;;
571;Zoroark;105;60;Zorua;2;2;Dark;Psychic, Ghost, Grass;Dark, Ghost, Bug;Tidak;Zoroark adalah Pokemon cerdik yang dapat menciptakan ilusi realistis untuk melindungi kawannya.;;;4;Zorua;-1;1250;740;571;;
607;Litwick;30;55;-;1;3;Ghost, Fire;Bug, Grass, Ice;Normal, Fire, Ghost;Tidak;Litwick menuntun orang ke jalan yang salah, sambil diam-diam menyerap energi hidup mereka.;;;1;-;-3;170;300;607;;
608;Lampent;40;60;Litwick;2;3;Ghost, Fire;Bug, Grass, Ice;Normal, Fire, Ghost;Tidak;Lampent mengapung di sekitar rumah sakit, menunggu jiwa yang akan meninggalkan dunia ini.;;;3;Litwick;-1;590;900;608;;
609;Chandelure;60;90;Lampent;3;3;Ghost, Fire;Bug, Grass, Ice;Normal, Fire, Ghost;Tidak;Chandelure dapat membakar jiwa seseorang, membuat korbannya berkelana tanpa tujuan.;;;5;Lampent;1;1020;1490;609;;
610;Axew;87;60;-;1;3;Dragon;Fire, Electric, Grass;Water, Fire, Electric;Tidak;Axew menggunakan taringnya yang tajam untuk menggali tanah dan menandai wilayahnya.;;;1;-;-4;270;190;610;;
611;Fraxure;117;70;Axew;2;3;Dragon;Fire, Electric, Grass;Water, Fire, Electric;Tidak;Fraxure dikenal sangat teritorial, dan menggunakan taringnya untuk melindungi daerahnya.;;;3;Axew;-2;900;580;611;;
612;Haxorus;147;90;Fraxure;3;3;Dragon;Fire, Electric, Grass;Water, Fire, Electric;Tidak;Haxorus sangat kuat, taringnya bisa menghancurkan baja dalam satu gigitan.;;;5;Fraxure;0;1550;950;612;;
629;Vullaby;55;75;-;1;2;Dark, Flying;Psychic, Bug, Grass;Dark, Ghost, Psychic;Tidak;Vullaby memakai cangkang sebagai perlindungan saat terbang mencari makanan.;;;2;-;-2;410;570;629;;
630;Mandibuzz;105;95;Vullaby;2;2;Dark, Flying;Psychic, Bug, Grass;Dark, Ghost, Psychic;Tidak;Mandibuzz berburu dengan kecerdasannya, menggunakan tulang-tulang sebagai senjata.;;;4;Vullaby;0;1050;950;630;;
633;Deino;65;50;-;1;3;Dark, Dragon;Psychic, Fire, Dark;Dark, Ghost, Psychic;Tidak;Deino selalu menyerang apa pun yang ada di dekatnya karena penglihatannya yang buruk.;;;1;-;-3;270;200;633;;
634;Zweilous;85;70;Deino;2;3;Dark, Dragon;Psychic, Fire, Dark;Dark, Ghost, Psychic;Tidak;Kedua kepala Zweilous sering bertengkar dan memperebutkan makanan.;;;3;Deino;-1;810;680;634;;
635;Hydreigon;105;90;Zweilous;3;3;Dark, Dragon;Psychic, Fire, Dark;Dark, Ghost, Psychic;Tidak;Hydreigon dikenal sangat agresif dan menyerang apa saja yang bergerak di sekitarnya.;;;5;Zweilous;1;1370;1140;635;;
650;Chespin;61;65;-;1;3;Grass;Ground, Water, Rock;Water, Ground, Grass;Tidak;Pokemon yang menggunakan duri di punggungnya untuk bertahan dari serangan musuh.;;;1;-;-4;220;240;650;;
651;Quilladin;78;95;Chespin;2;3;Grass;Ground, Water, Rock;Water, Ground, Grass;Tidak;Quilladin menggunakan tubuh kerasnya untuk menahan serangan kuat dari lawannya.;;;3;Chespin;-2;650;830;651;;
652;Chesnaught;107;122;Quilladin;3;3;Grass, Fighting;Rock, Dark, Ground;Ground, Grass, Rock;Tidak;Chesnaught sangat protektif terhadap teman-temannya dan memiliki pertahanan yang sangat kuat.;;;5;Quilladin;1;1190;1320;652;;
653;Fennekin;45;40;-;1;3;Fire;Bug, Grass, Ice;Fire, Steel, Grass;Tidak;Fennekin menggunakan telinganya untuk mengeluarkan api panas sebagai bentuk pertahanan.;;;1;-;-4;240;220;653;;
654;Braixen;59;58;Fennekin;2;3;Fire;Bug, Grass, Ice;Fire, Steel, Grass;Tidak;Braixen menggunakan tongkat yang ia simpan di ekornya untuk melemparkan api ke musuh.;;;3;Fennekin;-2;730;750;654;;
655;Delphox;69;72;Braixen;3;3;Fire, Psychic;Bug, Grass, Ice;Fire, Psychic, Grass;Tidak;Delphox menggunakan kemampuan psikisnya untuk memprediksi serangan lawan dan menyerang balik.;;;5;Braixen;1;1250;1260;655;;
656;Froakie;56;40;-;1;3;Water;Fire, Ground, Rock;Water, Fire, Ice;Tidak;Froakie menggunakan gelembung di lehernya sebagai bantal pelindung saat menyerang.;;;1;-;-4;270;190;656;;
657;Frogadier;63;52;Froakie;2;3;Water;Fire, Ground, Rock;Water, Fire, Ice;Tidak;Frogadier sangat cepat dan gesit, mampu menghindari serangan lawan dengan mudah.;;;3;Froakie;-2;790;690;657;;
658;Greninja;95;67;Frogadier;3;3;Water, Dark;Fire, Psychic, Ground;Fire, Dark, Ice;Tidak;Greninja dikenal karena kecepatannya yang luar biasa dan serangannya yang mematikan.;;;5;Frogadier;1;1500;1010;658;;
674;Pancham;82;62;-;1;2;Fighting;Rock, Steel, Dark;Bug, Rock, Dark;Tidak;Pancham sering meniru sikap pelatihnya dan memiliki sikap ceria tetapi kuat.;;;2;-;-3;540;430;674;;
675;Pangoro;124;78;Pancham;2;2;Fighting, Dark;Rock, Steel, Dark;Bug, Psychic, Dark;Tidak;Pangoro sangat protektif dan tidak akan membiarkan siapapun menindas yang lemah.;;;4;Pancham;0;1230;770;675;;
686;Inkay;54;53;-;1;2;Dark, Psychic;Dark, Ghost, Grass;Dark, Psychic, Ghost;Tidak;Inkay memiliki kemampuan untuk membalikkan situasi pertempuran dengan membingungkan lawannya.;;;2;-;-2;480;500;686;;
687;Malamar;92;88;Inkay;2;2;Dark, Psychic;Dark, Ghost, Grass;Dark, Psychic, Ghost;Tidak;Malamar menggunakan kemampuannya untuk menghipnotis dan mengendalikan pikiran lawan.;;;4;Inkay;0;1020;980;687;;
688;Binacle;52;67;-;1;2;Rock, Water;Fire, Flying, Steel;Fire, Ice, Steel;Tidak;Binacle hidup berpasangan, terjebak di batu dan saling bekerja sama untuk bertahan hidup.;;;2;-;-2;420;560;688;;
689;Barbaracle;105;115;Binacle;2;2;Rock, Water;Fire, Flying, Steel;Fire, Ice, Steel;Tidak;Barbaracle memiliki banyak lengan yang bekerja independen untuk bertahan dalam pertempuran.;;;4;Binacle;0;950;1050;689;;
694;Helioptile;38;33;-;1;2;Electric, Normal;Water, Flying, Steel;Electric, Steel, Flying;Tidak;Helioptile menggunakan energi matahari untuk menghasilkan listrik sebagai sumber energinya.;;;2;-;-2;510;470;694;;
695;Heliolisk;55;52;Helioptile;2;2;Electric, Normal;Water, Flying, Steel;Electric, Steel, Flying;Tidak;Heliolisk menggunakan kerudung di lehernya untuk menangkap sinar matahari dan menghasilkan listrik.;;;4;Helioptile;0;1030;970;695;;
704;Goomy;50;35;-;1;3;Dragon;Fire, Electric, Grass;Water, Fire, Electric;Tidak;Goomy adalah Pokemon berlendir yang selalu basah, dan tinggal di daerah lembab.;;;1;-;-4;270;190;704;;
705;Sliggoo;75;53;Goomy;2;3;Dragon;Fire, Electric, Grass;Water, Fire, Electric;Tidak;Sliggoo suka hidup di rawa-rawa, dan mampu melelehkan musuh dengan lendir beracun.;;;3;Goomy;-2;840;640;705;;
706;Goodra;100;70;Sliggoo;3;3;Dragon;Fire, Electric, Grass;Water, Fire, Electric;Tidak;Goodra sangat loyal kepada pelatihnya, meskipun penampilannya yang berlendir.;;;5;Sliggoo;0;1470;1030;706;;
710;Pumpkaboo;66;70;-;1;2;Ghost, Grass;Psychic, Water, Ground;Normal, Dark, Ghost;Tidak;Pumpkaboo ini berkeliaran di malam hari, menggunakan cahaya untuk menuntun roh.;;;2;-;-2;470;510;710;;
711;Gourgeist;85;122;Pumpkaboo;2;2;Ghost, Grass;Psychic, Water, Ground;Normal, Dark, Ghost;Tidak;Gourgeist ini bernyanyi lagu menakutkan untuk menakuti musuhnya.;;;4;Pumpkaboo;0;820;1180;711;;
712;Bergmite;69;85;-;1;2;Ice;Ground, Grass, Flying;Ice, Flying, Water;Tidak;Bergmite menjaga dirinya tetap beku dengan mengeluarkan udara dingin dari tubuhnya.;;;2;-;-3;420;550;712;;
713;Avalugg;117;184;Bergmite;2;2;Ice;Ground, Grass, Flying;Ice, Flying, Water;Tidak;Avalugg sangat kuat dan besar, seperti gunung es bergerak yang mampu menahan serangan fisik.;;;4;Bergmite;-1;760;1230;713;;
718;Zygarde (50%);100;121;-;1;1;Dragon, Ground;Fire, Rock, Electric;Dark, Ice, Ground;Ya;Zygarde menjaga keseimbangan ekosistem, dapat berubah bentuk jika diperlukan.;;;6;-;2;1410;1610;718;;
719;Diancie;160;110;-;1;1;Rock, Fairy;Dragon, Dark, Fire;Dragon, Dark, Ice;Ya;Diancie dapat menciptakan berlian dengan menekan karbon dalam udaranya.;;;6;-;2;1850;1170;719;;
719_1;Mega Diancie;160;110;Diancie;1;1;Rock, Fairy;Dragon, Dark, Fire;Dragon, Dark, Ice;Ya;Mega Diancie menjadi lebih kuat dan dapat melepaskan kristal tajam sebagai senjata.;;M/G;8;Diancie;5;2610;1440;719_1;719;v
720;Hoopa (Confined);110;60;-;1;1;Psychic, Ghost;Psychic, Ghost, Dark;Psychic, Ghost, Dark;Ya;Hoopa bisa memanipulasi dimensi, menggunakan cincin ajaibnya untuk memindahkan benda.;;;6;-;2;2020;1000;720;;
720_1;Hoopa (Unbound);160;60;-;1;1;Psychic, Dark;Psychic, Dark, Bug;Psychic, Dark, Ghost;Ya;Hoopa Unbound adalah bentuk sejati Hoopa, yang jauh lebih kuat dan destruktif.;;;6;-;2;2270;750;720_1;;
722;Rowlet;55;50;-;1;3;Grass, Flying;Ground, Rock, Water;Grass, Ground, Rock;Tidak;Rowlet menggunakan bulu-bulunya untuk menyamar di hutan dan mengintai musuhnya dari ketinggian.;;;1;-;-3;250;220;722;;
723;Dartrix;75;70;Rowlet;2;3;Grass, Flying;Ground, Rock, Water;Grass, Ground, Rock;Tidak;Dartrix menggunakan sayapnya dengan cerdik untuk melemparkan bulu tajam sebagai senjata.;;;3;Rowlet;-1;760;730;723;;
724;Decidueye;107;75;Dartrix;3;3;Grass, Ghost;Psychic, Water, Dark;Dark, Ground, Ghost;Tidak;Decidueye memiliki kemampuan untuk menembak panah dari jarak jauh dengan akurasi yang sempurna.;;;5;Dartrix;1;1500;1010;724;;
725;Litten;65;40;-;1;3;Fire;Ice, Bug, Grass;Fire, Ice, Grass;Tidak;Litten memiliki tubuh berbulu yang terbakar dan berubah menjadi bola api saat marah.;;;1;-;-4;280;180;725;;
726;Torracat;85;50;Litten;2;3;Fire;Ice, Bug, Grass;Fire, Ice, Grass;Tidak;Torracat memiliki kalung api yang menyala saat bersiap menyerang, melambangkan kekuatannya.;;;3;Litten;-2;910;570;726;;
727;Incineroar;115;90;Torracat;3;3;Fire, Dark;Ice, Bug, Psychic;Fire, Ice, Grass;Tidak;Incineroar dikenal sebagai petarung brutal yang menikmati pertarungan, menggunakan api untuk mengalahkan lawan.;;;5;Torracat;1;1430;1080;727;;
728;Popplio;54;54;-;1;3;Water;Fire, Ground, Rock;Water, Fire, Ice;Tidak;Popplio suka bermain di air dan sering menggunakan gelembung untuk menyerang.;;;1;-;-4;230;230;728;;
729;Brionne;69;69;Popplio;2;3;Water;Fire, Ground, Rock;Water, Fire, Ice;Tidak;Brionne suka menari untuk menghindari serangan, lalu menyerang balik dengan gelembung.;;;3;Popplio;-2;720;760;729;;
730;Primarina;74;74;Brionne;3;3;Water, Fairy;Dragon, Dark, Fire;Dark, Fire, Ice;Tidak;Primarina menggunakan nyanyiannya untuk menyerang dan menyembuhkan dengan kekuatan air.;;;5;Brionne;1;1280;1230;730;;
734;Yungoos;68;30;-;1;2;Normal;Ghost;Ghost, Dark;Tidak;Yungoos memiliki sifat agresif dan dikenal sebagai pemburu yang tak kenal lelah.;;;2;-;0;690;310;734;;
735;Gumshoos;110;60;Yungoos;2;2;Normal;Ghost;Ghost, Dark;Tidak;Gumshoos adalah pemburu yang sangat gigih, sering menguntit mangsanya sampai lelah.;;;4;Yungoos;2;1350;670;735;;
736;Grubbin;62;45;-;1;3;Bug;Grass, Dark, Psychic;Ground, Grass, Dark;Tidak;Grubbin menggunakan rahangnya yang kuat untuk menggali tanah dan menciptakan tempat tinggal.;;;1;-;-4;270;190;736;;
737;Charjabug;82;95;Grubbin;2;3;Bug, Electric;Water, Dark, Psychic;Flying, Steel, Electric;Tidak;Charjabug bertindak seperti baterai hidup, mampu menyimpan listrik dalam tubuhnya.;;;3;Grubbin;-1;680;810;737;;
738;Vikavolt;70;90;Charjabug;3;3;Bug, Electric;Water, Dark, Psychic;Flying, Steel, Electric;Tidak;Vikavolt memiliki serangan listrik yang sangat kuat, sering menyerang musuh dari kejauhan.;;;5;Charjabug;1;1120;1390;738;;
741;Oricorio (Baile);98;70;-;1;1;Fire, Flying;Bug, Ice, Grass;Fire, Ground, Flying;Tidak;Oricorio Baile memiliki tarian berapi-api yang memicu semangatnya untuk menyerang.;;;4;-;0;1170;830;741;;
741_1;Oricorio (Pom-Pom);98;70;-;1;1;Electric, Flying;Water, Ground, Flying;Electric, Dark, Ground;Tidak;Oricorio Pom-Pom menari dengan penuh energi listrik, memotivasi diri dan rekan setimnya.;;;4;-;0;1170;830;741_1;;
741_2;Oricorio (Pa'u);98;70;-;1;1;Psychic, Flying;Dark, Grass, Psychic;Psychic, Flying, Dark;Tidak;Oricorio Pa'u menari dengan tenang, mampu menyerang lawan dengan energi psikis.;;;4;-;0;1170;830;741_2;;
741_3;Oricorio (Sensu);98;70;-;1;1;Ghost, Flying;Ghost, Psychic, Bug;Ghost, Psychic, Dark;Tidak;Oricorio Sensu menari dengan elegan, mampu memanipulasi roh untuk menyerang musuhnya.;;;4;-;0;1170;830;741_3;;
744;Rockruff;65;40;-;1;2;Rock;Fire, Flying, Ice;Fire, Ice, Steel;Tidak;Rockruff adalah Pokemon yang penuh semangat, selalu mencari pelatih kuat untuk diikuti.;;;2;-;-3;580;390;744;;
745;Lycanroc (Midday);115;65;Rockruff;2;2;Rock;Fire, Flying, Ice;Fire, Ice, Steel;Tidak;Lycanroc Midday berlari dengan kecepatan tinggi dan menyerang dengan presisi menggunakan cakar batunya.;;;4;Rockruff;-1;1250;740;745;;
745_1;Lycanroc (Midnight);115;75;Rockruff;2;2;Rock;Fire, Flying, Ice;Fire, Ice, Steel;Tidak;Lycanroc Midnight memiliki sikap liar dan akan bertarung habis-habisan saat marah.;;;4;Rockruff;-1;1190;800;745_1;;
745_2;Lycanroc (Dusk);115;65;Rockruff;2;2;Rock;Fire, Flying, Ice;Fire, Ice, Steel;Tidak;Lycanroc Dusk menggabungkan kekuatan bentuk siang dan malam, membuatnya sangat tangguh.;;;4;Rockruff;-1;1250;740;745_2;;
777;Togedemaru;98;63;-;1;1;Electric, Steel;Water, Rock, Flying;Electric, Steel, Grass;Tidak;Togedemaru melindungi dirinya dengan duri-duri tajam di tubuhnya, dan mampu menyimpan listrik sebagai senjata.;;;4;-;0;1220;780;777;;
094_2;Gigantamax Gengar;65;60;Gengar;3;3;Ghost, Poison;Fairy, Psychic;Dark, Psychic, Ground;Tidak;Gengar berubah menjadi raksasa, dan mulutnya menjadi pintu dimensi yang bisa menelan segalanya.;;M/G;7;Gengar;5;2000;1550;094_2;094;v
143_1;Gigantamax Snorlax;110;65;Snorlax;1;1;Normal;Ghost;Psychic, Ghost, Steel;Tidak;Gigantamax Snorlax begitu besar dan tertutupi oleh pohon dan tanaman di perutnya yang telah menjadi hutan kecil.;;M/G;6;Snorlax;4;2040;1000;143_1;143;v
128;Tauros;100;95;-;1;1;Normal;Ghost, Bug;Ghost, Normal;Tidak;Tauros adalah Pokemon banteng yang sangat agresif, sering menyerang dengan kecepatan tinggi dan tanduknya yang kuat.;;;4;-;1;1050;960;128;;
849_1;Gigantamax Toxtricity;98;70;Toxtricity;2;2;Electric, Poison;Water, Fairy, Psychic;Steel, Flying, Dark;Tidak;Toxtricity berubah menjadi raksasa dan serangan listrik serta racunnya menjadi jauh lebih destruktif.;;M/G;6;Toxtricity;3;1860;1170;849_1;849;v
858_1;Gigantamax Hatterene;90;95;Hatterene;3;3;Psychic, Fairy;Dragon, Dark, Fighting;Dark, Ground, Psychic;Tidak;Hatterene dalam bentuk Gigantamax sangat berbahaya, menggunakan kekuatan psikis untuk menghancurkan mental musuhnya.;;M/G;7;Hatterene;4;1840;1700;858_1;858;v
861_1;Gigantamax Grimmsnarl;120;65;Grimmsnarl;3;3;Dark, Fairy;Dragon, Psychic, Ghost;Dark, Psychic, Ghost;Tidak;Gigantamax Grimmsnarl menggunakan rambutnya yang sangat panjang sebagai senjata untuk mengikat dan menghancurkan lawan.;;M/G;7;Grimmsnarl;4;2450;1090;861_1;861;v
892_1;Gigantamax Urshifu (Single Strike);130;100;Urshifu (Single Strike);2;2;Fighting, Dark;Psychic, Ghost;Dark, Psychic;Tidak;Urshifu dalam bentuk Gigantamax dapat melancarkan serangan mematikan yang menghancurkan apapun dalam jalurnya.;;M/G;6;Urshifu (Single Strike);5;1870;1180;892_1;892_1;v
892_2;Gigantamax Urshifu (Rapid Strike);130;100;Urshifu (Rapid Strike);2;2;Fighting, Water;Fire, Rock, Ground;Fire, Water, Steel;Tidak;Urshifu Gigantamax Rapid Strike memiliki kekuatan untuk meluncurkan serangan air yang mampu memotong baja.;;M/G;6;Urshifu (Rapid Strike);3;1800;1230;892_2;892_2;v
012;Butterfree;70;50;Metapod;3;3;Bug, Flying;Grass, Psychic, Dark;Grass, Bug, Ground;Tidak;Butterfree terbang menggunakan sayapnya yang mengeluarkan serbuk beracun untuk menyerang lawan.;;;5;Metapod;1;1490;1020;012;;
052;Meowth;45;35;-;1;2;Normal;Ghost;Psychic, Dark, Ghost;Tidak;Meowth suka mengumpulkan koin dan dapat berjalan di atas dua kaki, membuatnya lebih lincah.;;;2;-;-1;550;440;052;;
053;Persian;70;60;Meowth;2;2;Normal;Ghost;Psychic, Dark, Ghost;Tidak;Persian dikenal karena kecepatannya, serta kemampuannya untuk menyerang lawan dengan cakarnya yang tajam.;;;4;Meowth;1;1100;910;053;;
068;Machamp;130;80;Machoke;3;3;Fighting;Normal, Ice, Steel;Rock, Dark, Bug;Tidak;Machamp memiliki kekuatan fisik luar biasa, mampu menghantam musuh dengan pukulan yang sangat kuat.;;;5;Machoke;0;1550;950;068;;
131;Lapras;85;80;-;1;1;Water, Ice;Fire, Ground, Rock;Water, Fire, Ice;Tidak;Lapras adalah Pokemon yang baik hati, sering membantu manusia dengan mengantarkan mereka melintasi lautan.;;;4;-;0;1030;970;131;;
823;Corviknight;87;105;Corvisquire;3;3;Flying, Steel;Grass, Bug, Dark;Steel, Flying, Dark;Tidak;Corviknight adalah burung baja yang sering dijadikan transportasi. Sayapnya yang kuat mampu mematahkan serangan lawan.;;;5;Corvisquire;1;1160;1350;823;;
834;Drednaw;115;90;Chewtle;2;2;Water, Rock;Fire, Rock, Electric;Steel, Fire, Water;Tidak;Drednaw terkenal karena cangkang kerasnya yang sulit ditembus, dan rahangnya yang kuat mampu menghancurkan batu.;;;4;Chewtle;0;1120;880;834;;
869;Alcremie;60;75;Milcery;2;2;Fairy;Dragon, Dark, Fighting;Dark, Dragon, Psychic;Tidak;Alcremie adalah Pokemon berbentuk krim yang dapat mengubah wujud dan rasa tergantung bahan-bahan yang digunakannya.;;;4;Milcery;-1;870;1120;869;;
849;Toxtricity;98;70;Toxel;2;2;Electric, Poison;Water, Fairy, Psychic;Steel, Flying, Dark;Tidak;Toxtricity adalah Pokemon dengan listrik beracun, yang menghasilkan suara bising saat bertarung dan menyerang.;;;4;Toxel;0;1170;830;849;;
858;Hatterene;90;95;Hattrem;3;3;Psychic, Fairy;Dragon, Dark, Fighting;Dark, Ground, Psychic;Tidak;Hatterene memiliki kekuatan psikis yang besar, dan dikenal sangat sensitif terhadap emosi manusia.;;;5;Hattrem;1;1240;1270;858;;
861;Grimmsnarl;120;65;Morgrem;3;3;Dark, Fairy;Dragon, Psychic, Ghost;Dark, Psychic, Ghost;Tidak;Grimmsnarl menggunakan otot-otot di rambutnya yang kuat untuk membungkus lawan dan menekan mereka.;;;5;Morgrem;1;1650;860;861;;
844;Sandaconda;107;125;Silicobra;2;2;Ground;Electric, Rock, Fire;Steel, Electric, Fire;Tidak;Sandaconda menciptakan tornado pasir dengan menggulung tubuhnya, dan melindungi diri dari musuh dengan pasirnya.;;;4;Silicobra;-1;900;1090;844;;
839;Coalossal;110;120;Carkol;2;2;Rock, Fire;Ice, Ground, Steel;Steel, Ice, Ground;Tidak;Coalossal menyimpan energi besar di dalam tubuhnya yang berfungsi seperti tungku, memuntahkan batu bara yang sangat panas.;;;4;Carkol;0;960;1040;839;;
892_1;Urshifu (Single Strike);130;100;Kubfu;2;2;Fighting, Dark;Psychic, Ghost;Dark, Psychic, Ghost;Tidak;Urshifu Single Strike dikenal dengan gaya bertarungnya yang agresif dan serangannya yang sangat kuat dan mematikan.;;;4;Kubfu;1;1150;860;892_1;;
892_2;Urshifu (Rapid Strike);130;100;Kubfu;2;2;Fighting, Water;Fire, Rock, Ground;Steel, Fire, Water;Tidak;Urshifu Rapid Strike menekankan teknik-teknik bertarung dengan pukulan cepat, menyerang musuh dengan serangan air bertubi-tubi.;;;4;Kubfu;0;1130;870;892_2;;
011;Metapod;20;55;Caterpie;2;3;Bug;Psychic, Grass, Dark;Ground, Bug, Grass;Tidak;Metapod berdiam diri untuk mempersiapkan evolusinya, dengan cangkang keras yang melindunginya dari serangan musuh.;;;3;Caterpie;-2;380;1100;011;;
067;Machoke;80;70;Machop;2;3;Fighting;Normal, Ice, Rock;Dark, Bug, Rock;Tidak;Machoke memiliki otot yang kuat, dan sering terlihat melatih diri atau mengangkat benda berat untuk mempertahankan kekuatannya.;;;3;Machop;-2;770;710;067;;
822;Corvisquire;67;55;Rookidee;2;3;Flying;Grass, Bug, Dark;Steel, Flying, Dark;Tidak;Corvisquire adalah burung yang ahli dalam pertarungan udara, dengan kemampuan manuver yang cepat dan lincah.;;;3;Rookidee;-2;790;690;822;;
833;Chewtle;64;50;-;1;2;Water;Fire, Ground, Rock;Steel, Fire, Ground;Tidak;Chewtle memiliki gigitan yang kuat, menggunakan rahangnya yang besar untuk menyerang lawan.;;;2;-;-3;530;440;833;;
868;Milcery;40;40;-;1;2;Fairy;Dark, Dragon, Fighting;Dragon, Psychic, Dark;Tidak;Milcery adalah Pokemon berbentuk krim yang suka berputar untuk menciptakan rasa manis, dan dapat berubah bentuk.;;;2;-;-3;470;500;868;;
848;Toxel;38;35;-;1;2;Electric, Poison;Water, Fairy, Psychic;Steel, Flying, Dark;Tidak;Toxel memiliki sifat beracun dan listrik yang berkembang dengan cepat, sering memancarkan percikan listrik.;;;2;-;-2;500;480;848;;
857;Hattrem;65;55;Hatenna;2;3;Psychic;Dragon, Dark, Fighting;Psychic, Dark, Ground;Tidak;Hattrem menggunakan kekuatan psikisnya untuk mendeteksi emosi negatif, dan akan menyerang mereka yang bersikap kasar.;;;3;Hatenna;-2;780;700;857;;
860;Morgrem;85;55;Impidimp;2;3;Dark, Fairy;Dragon, Psychic, Ghost;Dark, Psychic, Ghost;Tidak;Morgrem sering menggunakan tipu daya dalam bertarung, memanfaatkan kegelapan untuk menyerang dari tempat tersembunyi.;;;3;Impidimp;-1;890;600;860;;
843;Silicobra;57;75;-;1;2;Ground;Fire, Rock, Electric;Steel, Electric, Fire;Tidak;Silicobra menggulung tubuhnya untuk melindungi diri dan dapat mengeluarkan pasir dari tubuhnya untuk menyerang lawan.;;;2;-;-3;410;560;843;;
838;Carkol;80;90;Rolycoly;2;2;Rock, Fire;Ice, Ground, Steel;Steel, Ice, Ground;Tidak;Carkol menggunakan batubara di tubuhnya untuk membakar apapun di jalannya, dan juga bergerak sangat cepat di medan berbatu.;;;4;Rolycoly;0;940;1060;838;;
891;Kubfu;90;60;-;1;2;Fighting;Dark, Ice, Normal;Rock, Dark, Bug;Tidak;Kubfu adalah petarung yang gigih, berlatih keras untuk menguasai teknik bertarung yang sangat kuat.;;;2;-;-3;560;410;891;;
010;Caterpie;30;35;-;1;3;Bug;Psychic, Grass, Dark;Ground, Bug, Grass;Tidak;Caterpie dikenal karena kemampuannya untuk melepaskan benang sutera untuk melindungi diri dan melarikan diri dari musuh.;;;1;-;-4;210;250;010;;
066;Machop;80;50;-;1;3;Fighting;Normal, Rock, Ice;Dark, Bug, Rock;Tidak;Machop memiliki kekuatan fisik yang luar biasa, meskipun ukurannya kecil, ia sangat lincah dan ahli dalam pertarungan jarak dekat.;;;1;-;-4;280;180;066;;
821;Rookidee;43;55;-;1;3;Flying;Grass, Bug, Dark;Steel, Flying, Dark;Tidak;Rookidee adalah burung kecil yang gesit dan pemberani, sering melawan lawan yang lebih besar tanpa ragu.;;;1;-;-4;200;260;821;;
856;Hatenna;40;45;-;1;3;Psychic;Dark, Psychic, Dragon;Dark, Psychic, Dragon;Tidak;Hatenna memiliki kemampuan untuk merasakan emosi manusia, terutama yang sedang tenang atau damai.;;;1;-;-4;220;240;856;;
859;Impidimp;45;30;-;1;3;Dark, Fairy;Psychic, Dragon, Dark;Dark, Psychic, Ghost;Tidak;Impidimp suka mencuri energi lawan dengan menyerang mereka secara diam-diam, sering menipu musuh dengan perilakunya yang licik.;;;1;-;-3;280;190;859;;
837;Rolycoly;40;60;-;1;2;Rock;Fire, Electric, Flying;Steel, Ice, Ground;Tidak;Rolycoly dapat bergerak cepat di medan berbatu dan berfungsi seperti kendaraan roda satu yang membakar batubara.;;;2;-;-3;380;590;837;;
181_1;Mega Ampharos;95;105;Ampharos;Mega;3;Electric, Dragon;Water, Steel, Flying;Electric, Steel, Fire;Tidak;Mega Ampharos berubah menjadi tipe Naga, dengan kekuatan listrik dan serangan kuat dari rambut panjang yang penuh energi.;;M/G;7;Ampharos;4;1800;1740;181_1;181;v
282_1;Mega Gardevoir;85;65;Gardevoir;Mega;3;Psychic, Fairy;Dark, Dragon, Fighting;Psychic, Dark, Dragon;Tidak;Mega Gardevoir menggabungkan kekuatan psikisnya dengan energi peri, mampu melindungi dan menyerang dengan kekuatan besar.;;M/G;7;Gardevoir;4;2140;1400;282_1;282;v
376_1;Mega Metagross;145;150;Metagross;Mega;3;Steel, Psychic;Rock, Steel, Psychic;Psychic, Steel, Rock;Tidak;Mega Metagross adalah mesin tempur dengan kecerdasan super tinggi dan kemampuan serangan fisik serta psikis yang sangat kuat.;;M/G;7;Metagross;4;1860;1680;376_1;376;v
380_1;Mega Latias;140;120;Latias;Mega;2;Dragon, Psychic;Fire, Ground, Dragon;Dragon, Psychic, Dark;Ya;Mega Latias adalah bentuk evolusi yang lebih cepat dan lebih kuat dari Latias, dengan kemampuan terbang dan serangan psikis.;;M/G;8;Latias;5;2370;1680;380_1;380;v
381_1;Mega Latios;160;100;Latios;Mega;2;Dragon, Psychic;Fire, Ground, Dragon;Dragon, Psychic, Dark;Ya;Mega Latios memiliki kekuatan serangan yang jauh lebih tinggi dan kecepatan yang mampu menandingi musuh dengan mudah.;;M/G;8;Latios;5;2710;1340;381_1;381;v
448_1;Mega Lucario;145;88;Lucario;Mega;2;Fighting, Steel;Ice, Rock, Normal;Steel, Dark, Bug;Tidak;Mega Lucario memperkuat kecepatan dan kekuatan fisik, serta energinya, sehingga serangannya lebih cepat dan lebih mematikan.;;M/G;6;Lucario;3;1980;1050;448_1;448;v
065_1;Mega Alakazam;120;65;Alakazam;Mega;3;Psychic;Dark, Dragon, Fighting;Psychic, Dark, Ghost;Tidak;Mega Alakazam memiliki kecerdasan luar biasa dan dapat melakukan serangan psikis dengan ketepatan yang sempurna.;;M/G;7;Alakazam;3;2410;1120;065_1;065;v
179;Mareep;40;40;-;1;3;Electric;Water, Flying, Steel;Electric, Steel;Tidak;Mareep adalah Pokemon listrik dengan bulu tebal yang dapat menyimpan dan melepaskan energi listrik.;;;1;-;-3;240;230;179;;
180;Flaaffy;55;55;Mareep;2;3;Electric;Water, Flying, Steel;Electric, Steel;Tidak;Flaaffy menggunakan bulunya yang telah menipis untuk lebih mudah mengalirkan listrik.;;;3;Mareep;-1;740;750;180;;
181;Ampharos;75;85;Flaaffy;3;3;Electric;Water, Steel, Flying;Electric, Steel;Tidak;Ampharos dapat menghasilkan sinar cahaya dari ekornya, sering digunakan sebagai mercusuar di perairan.;;;5;Flaaffy;1;1200;1310;181;;
374;Beldum;45;40;-;1;3;Steel, Psychic;Rock, Steel, Psychic;Steel, Dragon, Psychic;Tidak;Beldum adalah Pokemon baja yang menggunakan medan magnet untuk bergerak dan berkomunikasi dengan kelompoknya.;;;1;-;-3;250;220;374;;
375;Metang;75;75;Beldum;2;3;Steel, Psychic;Rock, Steel, Psychic;Steel, Dragon, Psychic;Tidak;Metang lebih kuat dan cepat dari Beldum, menggunakan lengan besinya untuk menghancurkan lawan.;;;3;Beldum;-1;740;750;375;;
376;Metagross;135;130;Metang;3;3;Steel, Psychic;Rock, Steel, Psychic;Steel, Dragon, Psychic;Tidak;Metagross adalah mesin tempur dengan kecerdasan tinggi, menggunakan empat kaki besi untuk menghancurkan musuh.;;;5;Metang;1;1300;1210;376;;
380;Latias;80;90;-;1;2;Dragon, Psychic;Fire, Ground, Dragon;Dragon, Psychic, Dark;Ya;Latias adalah Pokemon legendaris yang dikenal karena kecepatannya dan kemampuan untuk menyamar sebagai manusia.;;;6;-;2;1470;1550;380;;
381;Latios;90;80;-;1;2;Dragon, Psychic;Fire, Ground, Dragon;Dragon, Psychic, Dark;Ya;Latios adalah Pokemon legendaris dengan kecerdasan tinggi, mampu berkomunikasi secara telepati dengan manusia.;;;6;-;2;1650;1370;381;;
063;Abra;20;15;-;1;3;Psychic;Dark, Dragon, Fighting;Psychic, Dark, Dragon;Tidak;Abra dikenal karena selalu tertidur, tetapi dapat teleportasi saat dalam bahaya.;;;1;-;-4;260;200;063;;
064;Kadabra;35;30;Abra;2;3;Psychic;Dark, Dragon, Fighting;Psychic, Dark, Dragon;Tidak;Kadabra memiliki kekuatan psikis yang lebih kuat dan lebih terampil dalam serangan mental dibanding Abra.;;;3;Abra;-2;780;700;064;;
065;Alakazam;50;45;Kadabra;3;3;Psychic;Dark, Dragon, Fighting;Psychic, Dark, Dragon;Tidak;Alakazam memiliki kecerdasan luar biasa dan dapat menggunakan kekuatan psikisnya untuk mengendalikan objek besar.;;;5;Kadabra;0;1320;1180;065;;
012_1;Gigantamax Butterfree;45;50;Butterfree;Gigantamax;3;Bug, Flying;Grass, Dark, Psychic;Grass, Bug;Tidak;Gigantamax Butterfree melepaskan racun mematikan dari sayap besarnya yang bisa melumpuhkan lawan.;;M/G;7;Butterfree;5;1820;1730;012_1;012;v
052_1;Gigantamax Meowth;45;35;Meowth;Gigantamax;2;Normal;Ghost, Dark;Ghost, Normal, Dark;Tidak;Gigantamax Meowth menjadi sangat besar dengan tubuh yang memanjang dan mampu menyerang dari kejauhan.;;M/G;4;Meowth;1;1150;860;052_1;052;v
068_1;Gigantamax Machamp;130;80;Machamp;Gigantamax;3;Fighting;Rock, Dark, Normal;Ice, Rock, Dark;Tidak;Gigantamax Machamp meningkatkan otot-ototnya sehingga mampu menghancurkan apapun yang ada di depannya.;;M/G;7;Machamp;3;2300;1230;068_1;068;v
131_1;Gigantamax Lapras;85;90;Lapras;Gigantamax;1;Water, Ice;Fire, Rock, Dragon;Water, Ice, Ground;Tidak;Gigantamax Lapras menggunakan gelombang suara dari badannya untuk menghasilkan melodi yang melindungi timnya.;;M/G;6;Lapras;3;1540;1490;131_1;131;v
834_1;Gigantamax Drednaw;115;90;Drednaw;Gigantamax;2;Water, Rock;Fire, Flying, Ice;Water, Rock, Ground;Tidak;Gigantamax Drednaw memiliki rahang yang lebih kuat dan mampu menghancurkan apapun, termasuk baja terkuat.;;M/G;6;Drednaw;3;1780;1250;834_1;834;v
869_1;Gigantamax Alcremie;60;75;Alcremie;Gigantamax;2;Fairy;Dragon, Dark, Fighting;Bug, Dark, Dragon;Tidak;Gigantamax Alcremie melepaskan krim manis yang sangat melimpah, menarik banyak lawan dalam pertempuran.;;M/G;6;Alcremie;2;1390;1630;869_1;869;v
844_1;Gigantamax Sandaconda;107;125;Sandaconda;Gigantamax;2;Ground;Fire, Electric, Poison;Electric, Rock, Poison;Tidak;Gigantamax Sandaconda melepaskan pasir dari tubuhnya yang sangat besar, membuat badai pasir yang dahsyat.;;M/G;6;Sandaconda;2;1440;1580;844_1;844;v
839_1;Gigantamax Coalossal;110;120;Coalossal;Gigantamax;3;Rock, Fire;Bug, Fire, Ice, Flying;Fire, Bug, Ice, Fairy;Tidak;Gigantamax Coalossal melepaskan panas dan energi dari tubuhnya yang besar, bisa melelehkan logam dan batu dengan mudah.;;M/G;6;Coalossal;1;1460;1550;839_1;839;v
013;Weedle;35;30;-;1;3;Bug, Poison;Grass, Fairy, Psychic;Bug, Poison, Fighting;Tidak;Weedle adalah larva beracun yang sering ditemukan di hutan, menggunakan tanduknya untuk menyerang lawan.;;;1;-;-3;250;220;013;;
014;Kakuna;25;50;Weedle;2;3;Bug, Poison;Grass, Fairy, Psychic;Bug, Poison, Fighting;Tidak;Kakuna hampir tidak bergerak saat berevolusi, tetapi dapat melindungi dirinya dengan kulit kerasnya.;;;3;Weedle;-1;490;1000;014;;
015;Beedrill;90;40;Kakuna;3;3;Bug, Poison;Grass, Fairy, Psychic;Bug, Poison, Fighting;Tidak;Beedrill adalah Pokemon lebah yang sangat agresif dan sering menyerang dengan sengat racunnya.;;;5;Kakuna;1;1770;740;015;;
015_1;Mega Beedrill;150;40;Beedrill;Mega;3;Bug, Poison;Grass, Fairy, Psychic;Bug, Poison, Fighting;Tidak;Mega Beedrill menjadi lebih cepat dan kuat, dengan racun yang sangat mematikan.;;M/G;7;Beedrill;4;2980;560;015_1;015;v
016;Pidgey;45;40;-;1;3;Normal, Flying;Bug, Grass, Fighting;Bug, Grass, Fighting;Tidak;Pidgey adalah burung kecil yang sering ditemukan di daerah padang rumput, terkenal karena sifatnya yang tenang.;;;1;-;-3;250;220;016;;
017;Pidgeotto;60;55;Pidgey;2;3;Normal, Flying;Bug, Grass, Fighting;Bug, Grass, Fighting;Tidak;Pidgeotto lebih agresif dari Pidgey dan sering mempertahankan wilayahnya dari penyusup.;;;3;Pidgey;-1;770;720;017;;
018;Pidgeot;80;75;Pidgeotto;3;3;Normal, Flying;Bug, Grass, Fighting;Bug, Grass, Fighting;Tidak;Pidgeot memiliki kemampuan terbang yang luar biasa dan dapat terbang dengan kecepatan sangat tinggi.;;;5;Pidgeotto;1;1320;1190;018;;
018_1;Mega Pidgeot;135;80;Pidgeot;Mega;3;Normal, Flying;Bug, Grass, Fighting;Bug, Grass, Fighting;Tidak;Mega Pidgeot mampu terbang dengan kecepatan yang luar biasa, dengan kekuatan angin yang sangat kuat.;;M/G;7;Pidgeot;4;2370;1170;018_1;018;v
823_1;Gigantamax Corviknight;87;105;Corviknight;Gigantamax;3;Flying, Steel;Bug, Grass, Fairy;Bug, Grass, Fairy;Tidak;Gigantamax Corviknight menggunakan bulu-bulu baja yang besar untuk memukul lawan dari udara.;;M/G;7;Corviknight;4;1710;1830;823_1;823;v
840;Applin;40;40;-;1;3;Grass, Dragon;Water, Ground, Rock;Grass, Water, Electric;Tidak;Applin adalah apel yang dihuni oleh dua ekor naga, mereka sangat pandai bersembunyi dari musuh.;;;1;-;-3;240;230;840;;
841;Flapple;85;70;Applin;2;3;Grass, Dragon;Water, Ground, Rock;Grass, Water, Electric;Tidak;Flapple terbang menggunakan apel besar sebagai pelindung dan menyerang musuh dengan cairan manis yang lengket.;;;3;Applin;-1;810;680;841;;
841_1;Gigantamax Flapple;85;70;Flapple;Gigantamax;3;Grass, Dragon;Water, Ground, Rock;Grass, Water, Electric;Tidak;Gigantamax Flapple melepaskan kabut asam manis yang membuat lawan kehilangan tenaga dan fokus.;;M/G;5;Flapple;2;1430;1090;841_1;841;v
842;Appletun;85;110;Applin;2;3;Grass, Dragon;Water, Ground, Rock;Grass, Water, Electric;Tidak;Appletun memiliki kulit apel tebal yang melindunginya dari serangan, dan mampu menyemburkan api manis yang panas.;;;3;Applin;-1;640;850;842;;
842_1;Gigantamax Appletun;85;110;Appletun;Gigantamax;3;Grass, Dragon;Water, Ground, Rock;Grass, Water, Electric;Tidak;Gigantamax Appletun menyemburkan cairan apel yang sangat manis dan berbahaya dari punggungnya.;;M/G;5;Appletun;2;1130;1390;842_1;842;v
428_1;Mega Lopunny;136;94;Lopunny;Mega;2;Normal, Fighting;Dark, Steel, Rock;Dark, Steel, Rock;Tidak;Mega Lopunny memiliki kekuatan serangan fisik luar biasa dan sangat gesit dalam pertempuran.;;M/G;6;Lopunny;3;1880;1150;428_1;428;v
307;Meditite;40;55;-;1;2;Fighting, Psychic;Normal, Fighting, Rock;Fighting, Normal, Psychic;Tidak;Meditite berlatih meditasi untuk meningkatkan kekuatan serangannya dan mencapai kesempurnaan fisik.;;;2;-;-2;400;580;307;;
308;Medicham;60;75;Meditite;2;2;Fighting, Psychic;Normal, Fighting, Rock;Fighting, Normal, Psychic;Tidak;Medicham menggunakan kekuatan mental dan fisik untuk menyerang dengan presisi tinggi.;;;4;Meditite;0;890;1110;308;;
308_1;Mega Medicham;100;85;Medicham;Mega;2;Fighting, Psychic;Normal, Fighting, Rock;Fighting, Normal, Psychic;Tidak;Mega Medicham mencapai potensi penuh dengan meditasi yang membuat kekuatan fisiknya luar biasa.;;M/G;6;Medicham;3;1720;1310;308_1;308;v
098;Krabby;105;90;-;1;2;Water;Fire, Rock, Ground;Water, Ice, Fire;Tidak;Krabby menggunakan capit besarnya untuk menangkap mangsa dan menyerang musuhnya di pantai.;;;2;-;-3;510;460;098;;
099;Kingler;130;115;Krabby;2;2;Water;Fire, Rock, Ground;Water, Ice, Fire;Tidak;Kingler terkenal karena capitnya yang sangat besar dan mampu menghancurkan batu dengan mudah.;;;4;Krabby;-1;1040;950;099;;
099_1;Gigantamax Kingler;130;115;Kingler;Gigantamax;2;Water;Fire, Rock, Ground;Water, Ice, Fire;Tidak;Gigantamax Kingler memiliki capit yang begitu besar dan kuat, bisa menghancurkan kapal dengan sekali serang.;;M/G;6;Kingler;2;1660;1360;099_1;099;v
816;Sobble;40;40;-;1;3;Water;Fire, Ground, Rock;Water, Ice, Fire;Tidak;Sobble adalah Pokemon yang pemalu dan sering bersembunyi, namun memiliki kemampuan kamuflase yang baik.;;;1;-;-4;230;230;816;;
817;Drizzile;65;60;Sobble;2;3;Water;Fire, Ground, Rock;Water, Ice, Fire;Tidak;Drizzile menjadi lebih strategis dalam bertarung, menggunakan air untuk menyerang dari jarak jauh.;;;3;Sobble;-2;750;730;817;;
818;Inteleon;85;75;Drizzile;3;3;Water;Fire, Ground, Rock;Water, Ice, Fire;Tidak;Inteleon adalah penembak jitu yang cerdas, menyerang lawan dengan presisi tinggi menggunakan air.;;;5;Drizzile;0;1330;1170;818;;
818_1;Gigantamax Inteleon;85;75;Inteleon;Gigantamax;3;Water;Fire, Ground, Rock;Water, Ice, Fire;Tidak;Gigantamax Inteleon menyerang dari menara air yang tinggi, mengincar musuh dengan Sniper Shot yang akurat.;;M/G;7;Inteleon;3;1970;1560;818_1;818;v
813;Scorbunny;71;40;-;1;3;Fire;Grass, Bug, Ice;Fire, Grass, Ice;Tidak;Scorbunny penuh energi dan menggunakan kecepatan tinggi untuk menyerang dengan tendangan yang kuat.;;;1;-;-4;290;170;813;;
814;Raboot;86;60;Scorbunny;2;3;Fire;Grass, Bug, Ice;Fire, Grass, Ice;Tidak;Raboot lebih terampil dalam bertarung, menggunakan teknik tendangan untuk menyerang lawan dari jarak dekat.;;;3;Scorbunny;-2;850;630;814;;
815;Cinderace;116;75;Raboot;3;3;Fire;Grass, Bug, Ice;Fire, Grass, Ice;Tidak;Cinderace adalah striker ulung yang mengubah bola api menjadi serangan berdaya ledak.;;;5;Raboot;0;1520;980;815;;
815_1;Gigantamax Cinderace;116;75;Cinderace;Gigantamax;3;Fire;Grass, Bug, Ice;Fire, Grass, Ice;Tidak;Gigantamax Cinderace menyerang dengan bola api raksasa yang bisa menghancurkan apa saja dengan tendangan kuatnya.;;M/G;7;Cinderace;3;2250;1280;815_1;815;v
810;Grookey;65;50;-;1;3;Grass;Water, Ground, Rock;Grass, Water, Electric;Tidak;Grookey menggunakan ranting kecilnya untuk menyerang dan memperbaiki tanaman yang rusak.;;;1;-;-4;260;200;810;;
811;Thwackey;85;70;Grookey;2;3;Grass;Water, Ground, Rock;Grass, Water, Electric;Tidak;Thwackey menggunakan dua batang ranting untuk menyerang dan menghasilkan ritme yang memicu kekuatan serangan.;;;3;Grookey;-2;790;690;811;;
812;Rillaboom;125;90;Thwackey;3;3;Grass;Water, Ground, Rock;Grass, Water, Electric;Tidak;Rillaboom memanfaatkan drum besarnya untuk mengirimkan gelombang suara yang menghancurkan.;;;5;Thwackey;0;1450;1050;812;;
812_1;Gigantamax Rillaboom;125;90;Rillaboom;Gigantamax;3;Grass;Water, Ground, Rock;Grass, Water, Electric;Tidak;Gigantamax Rillaboom menggunakan drum raksasa yang mengeluarkan suara mematikan di medan tempur.;;M/G;7;Rillaboom;3;2160;1370;812_1;812;v
333;Swablu;40;60;-;1;2;Normal, Flying;Grass, Bug, Fighting;Ground, Grass, Bug;Tidak;Swablu suka bersih-bersih dan sering duduk di bahu orang, terlihat seperti awan kecil.;;;2;-;-2;380;600;333;;
334;Altaria;70;90;Swablu;2;2;Dragon, Flying;Fire, Water, Electric;Grass, Bug, Fighting;Tidak;Altaria dikenal karena menyanyi dengan suara merdu dan menggunakan sayapnya untuk menari di langit.;;;4;Swablu;0;880;1120;334;;
334_1;Mega Altaria;110;110;Altaria;Mega;2;Dragon, Fairy;Dark, Fighting, Dragon;Fighting, Bug, Dark;Tidak;Mega Altaria bertransformasi menjadi lebih kuat, dengan kekuatan serangan naga dan peri yang luar biasa.;;M/G;6;Altaria;3;1590;1440;334_1;334;v
475_1;Mega Gallade;165;95;Gallade;Mega;3;Psychic, Fighting;Dark, Fighting, Psychic;Psychic, Fighting, Fairy;Tidak;Mega Gallade memiliki kekuatan serangan luar biasa dan mempertahankan semangat kepahlawanannya dengan serangan pedangnya yang presisi.;;M/G;7;Gallade;4;2400;1140;475_1;475;v
824;Blipbug;25;20;-;1;3;Bug;Grass, Psychic, Dark;Grass, Bug;Tidak;Blipbug sangat cerdas meskipun terlihat lemah, dan tertarik mempelajari lingkungan sekitarnya dengan sangat fokus.;;;1;-;-3;260;210;824;;
825;Dottler;35;50;Blipbug;2;3;Bug, Psychic;Grass, Fighting, Poison;Grass, Fighting, Psychic;Tidak;Dottler menggunakan cangkangnya yang keras untuk melindungi dirinya saat berkonsentrasi mengumpulkan energi psikis.;;;3;Blipbug;-1;610;880;825;;
826;Orbeetle;70;80;Dottler;3;3;Bug, Psychic;Fighting, Psychic, Poison;Grass, Fighting, Poison;Tidak;Orbeetle dikenal memiliki kecerdasan tingkat tinggi, dan bisa menggunakan energi psikis untuk mengendalikan objek di sekitarnya.;;;5;Dottler;1;1190;1320;826;;
826_1;Gigantamax Orbeetle;70;80;Orbeetle;Gigantamax;3;Bug, Psychic;Fighting, Psychic, Poison;Grass, Fighting, Poison;Tidak;Gigantamax Orbeetle memperluas kemampuan psikisnya, mengendalikan area yang sangat luas dengan sinyal energinya.;;M/G;7;Orbeetle;4;1760;1780;826_1;826;v
384;Rayquaza;150;90;-;1;1;Dragon, Flying;Grass, Bug, Fighting;Ground, Bug, Grass;Ya;Rayquaza adalah penjaga langit yang sangat kuat, mengendalikan atmosfer dan menjaga keseimbangan antara Kyogre dan Groudon.;;;6;-;2;1950;1070;384;;
384_1;Mega Rayquaza;180;100;Rayquaza;Mega;1;Dragon, Flying;Grass, Bug, Fighting;Ground, Bug, Grass;Ya;Mega Rayquaza memiliki kekuatan yang tak tertandingi, menghancurkan musuhnya dengan kekuatan dahsyat dari langit.;;M/G;8;Rayquaza;5;2830;1220;384_1;384;v
213;Shuckle;10;20;-;1;1;Bug, Rock;Psychic, Flying;Normal, Grass, Poison;Tidak;Shuckle dikenal sebagai Pokemon yang sangat kuat dalam pertahanan, namun memiliki serangan yang sangat rendah.;;;4;-;1;680;1330;213;;
